Date,Close,High,Low,Open,Volume,Stock
,MSFT,MSFT,MSFT,MSFT,MSFT,
2022-01-03,325.634765625,328.79626820388347,320.80009741690554,326.21843357688016,28865100,MSFT
2022-01-04,320.0511474609375,326.07259764590106,317.23982720636457,325.71264771890316,32674300,MSFT
2022-01-05,307.7649841308594,317.19112801347296,307.37588205960316,316.9868249346307,40054300,MSFT
2022-01-06,305.3330078125,310.0217656533553,303.0080736020656,304.622875128913,39646100,MSFT
2022-01-07,305.4887390136719,307.8817452139908,301.64628513715576,305.5957294780859,32720000,MSFT
2022-01-10,305.7124938964844,306.1502523809237,296.39336802101064,301.062653317601,44289500,MSFT
2022-01-11,306.4031066894531,307.9886968599788,301.45171092918275,304.84666874501306,29386800,MSFT
2022-01-12,309.6034851074219,314.60353696148184,308.44588647775686,310.96538680343946,34372200,MSFT
2022-01-13,296.50030517578125,312.14246451080345,295.7221009951654,311.7436252200972,45366000,MSFT
2022-01-14,301.7532958984375,302.3564086085924,295.4789168995165,295.96530194791075,39846400,MSFT
2022-01-18,294.4088134765625,301.36411254109385,293.5235892775738,295.790159839725,42333200,MSFT
2022-01-19,295.0703125,305.36223577548463,294.4574923336944,297.9497330886086,45933900,MSFT
2022-01-20,293.3874206542969,303.16374670375416,292.9399547929001,300.654013313696,35380700,MSFT
2022-01-21,287.9691467285156,295.82911648964756,287.56057020283265,294.4477994991637,57984400,MSFT
2022-01-24,288.2998046875,289.0196448992482,268.53311359414414,284.24337091095356,85731500,MSFT
2022-01-25,280.6343994140625,286.9574042251114,277.40482567237643,283.5818912385189,72848600,MSFT
2022-01-26,288.630615234375,300.09958331074847,285.05082830215923,299.60346104770645,90428900,MSFT
2022-01-27,291.67535400390625,298.932209910728,289.8173597366347,294.4185725358936,53481300,MSFT
2022-01-28,299.8661193847656,300.08012999341486,286.4321667298066,292.05477669895004,49743700,MSFT
2022-01-31,302.5120544433594,303.8739266373001,298.0275688741196,300.53733234049855,46444500,MSFT
2022-02-01,300.3525085449219,302.17158390005085,296.82134829715966,301.9575732884717,40950400,MSFT
2022-02-02,304.9245300292969,306.53933207840674,300.4692557003281,301.19883332986984,36636000,MSFT
2022-02-03,293.0469665527344,302.7552219741665,291.79208492313614,301.0625819638804,43730000,MSFT
2022-02-04,297.6092834472656,300.3913916526521,291.8018448276198,292.0353001493062,35096500,MSFT
2022-02-07,292.7551574707031,299.4575276563962,291.73373110957107,297.8330183026639,28533300,MSFT
2022-02-08,296.266845703125,297.2396157585428,291.7823899972102,293.0469791946189,32421200,MSFT
2022-02-09,302.73577880859375,303.43617447800517,299.0198195356215,301.4322704184702,31284700,MSFT
2022-02-10,294.1462707519531,300.70273268836434,292.5120238689188,295.7610729173056,45386200,MSFT
2022-02-11,287.006103515625,296.00422709422884,286.2084248952271,294.9341740286448,39175600,MSFT
2022-02-14,286.9671936035156,288.6792785633671,283.4165885013323,285.7706756345391,36359500,MSFT
2022-02-15,292.2882080078125,292.609209051119,288.932139576683,291.84074211252357,27058300,MSFT
2022-02-16,291.94708251953125,293.2825285212972,286.2738465978352,290.8455745770607,29982100,MSFT
2022-02-17,283.3982238769531,289.31512471612086,282.6866227036371,288.88621849493984,32461600,MSFT
2022-02-18,280.6688537597656,286.4493014013889,279.08971235663495,285.65973069982357,34264000,MSFT
2022-02-22,280.464111328125,284.1877834917161,277.32531396607703,277.812704676035,41736100,MSFT
2022-02-23,273.2019958496094,284.34377082174444,273.03629965616943,282.86208392715645,37811200,MSFT
2022-02-24,287.160888671875,287.7165212860402,264.6726715319733,265.63772547972644,56989700,MSFT
2022-02-25,289.8122863769531,290.12422359753356,284.2950194983155,287.69702717357785,32546700,MSFT
2022-02-28,291.2549133300781,291.59609273510875,285.61092126640744,286.8878823912085,34627500,MSFT
2022-03-01,287.51177978515625,292.4051716010198,284.7823740737529,288.9251949366631,31217800,MSFT
2022-03-02,292.6196594238281,293.8673785477649,286.29333703933276,287.91144814315027,31873000,MSFT
2022-03-03,288.4573974609375,295.48556479155076,286.63453079659325,295.2516267161162,27314500,MSFT
2022-03-04,282.55010986328125,288.2038595827067,279.92797538105896,286.8684138832805,32356500,MSFT
2022-03-07,271.8763427734375,282.38448735317786,271.5059210014731,281.2537371143296,43157200,MSFT
2022-03-08,268.8934326171875,276.79889483000477,263.1909559552312,270.7942383391963,48159500,MSFT
2022-03-09,281.2245178222656,282.29678363184183,273.69920197866236,276.29212484619154,35204500,MSFT
2022-03-10,278.3878173828125,279.37235611943896,273.5041530332084,275.8826220369622,30628000,MSFT
2022-03-11,273.0070495605469,282.2089888863428,272.38317514959226,280.6980597805448,27209300,MSFT
2022-03-14,269.4686279296875,278.202662737741,268.86426809726044,273.27027022073963,30660700,MSFT
2022-03-15,279.908447265625,280.5615638325432,271.7008052928567,273.2799462556572,34245100,MSFT
2022-03-16,286.9659118652344,287.14136537848043,276.05810557225556,281.8190374929418,37826300,MSFT
2022-03-17,287.77496337890625,288.1551126523713,282.072486293192,285.8936424341939,30816600,MSFT
2022-03-18,292.8535461425781,293.4091786369837,285.347747793667,287.921155021076,43390600,MSFT
2022-03-21,291.61566162109375,292.5709582806592,287.4630825627041,291.3524813032419,28351200,MSFT
2022-03-22,296.3921203613281,297.30841753619586,291.23551685561114,292.23954081343726,27599700,MSFT
2022-03-23,291.93731689453125,295.583020120207,290.2119642602753,292.9316131142483,25715400,MSFT
2022-03-24,296.4310607910156,296.5285448908371,290.79682489779265,291.59615286917006,24484500,MSFT
2022-03-25,296.0216369628906,297.7957464215104,291.74236167311045,297.53256612739574,22566500,MSFT
2022-03-28,302.8646545410156,302.96210890248284,296.6552707705214,296.6552707705214,29578200,MSFT
2022-03-29,307.4558410644531,307.8555050551628,301.25621516316215,305.99366879267336,30393400,MSFT
2022-03-30,305.9449157714844,307.9822353410379,303.72241507994283,305.84746141716585,28163600,MSFT
2022-03-31,300.5349426269531,307.1927182764346,300.1255509730736,305.9839687435115,33422100,MSFT
2022-04-01,301.6169128417969,302.30899939577387,297.8347557615202,301.5681559167176,27110500,MSFT
2022-04-04,307.0269470214844,307.1634009699958,301.8995865319646,302.27000828188045,24289600,MSFT
2022-04-05,303.0400085449219,306.92937632582806,302.0554699345316,305.3697203310204,23156700,MSFT
2022-04-06,291.94708251953125,299.2579443522407,289.2274335883309,297.49359207645136,40110400,MSFT
2022-04-07,293.7698974609375,295.99239810286326,288.87650501412816,289.1786849009009,31411200,MSFT
2022-04-08,289.4808349609375,293.52617184109016,288.808233411817,292.8633276253669,24361900,MSFT
2022-04-11,278.066162109375,285.2307818696367,277.81270941652224,284.4314837001225,34569300,MSFT
2022-04-12,274.94683837890625,283.4079337629206,273.4164244465442,281.9457616678411,30966700,MSFT
2022-04-13,280.36663818359375,281.30242005382,274.20601222966815,275.5999723230315,21907200,MSFT
2022-04-14,272.7730407714844,281.0391969860149,272.27592253221314,280.824743907988,28221600,MSFT
2022-04-18,273.44573974609375,275.336818540745,271.32072287308574,271.8763555571584,20778000,MSFT
2022-04-19,278.1051330566406,278.953217898112,271.3889044009939,272.3344435881337,22297700,MSFT
2022-04-20,279.1384582519531,282.3942551322716,278.17343394044303,282.1018027892859,22906700,MSFT
2022-04-21,273.7283935546875,285.90340510019286,272.9973074218899,281.30243518120113,29454600,MSFT
2022-04-22,267.119384765625,276.0581445949156,266.4857827129163,274.5764576123665,29405800,MSFT
2022-04-25,273.64068603515625,274.0208353820041,263.94159742532975,266.39806604300793,35678900,MSFT
2022-04-26,263.4054260253906,271.340130999645,263.1909729316017,270.5018332908129,46518400,MSFT
2022-04-27,276.0776062011719,283.63216251371057,272.11999585469886,274.9858557260027,63477700,MSFT
2022-04-28,282.325927734375,283.6418885091446,274.3619509995726,277.9978961517353,33646600,MSFT
2022-04-29,270.5213928222656,282.569709486261,269.5271262484502,281.33171775194916,37073900,MSFT
2022-05-02,277.29608154296875,277.75423001648835,269.25413454359216,270.7065493914021,35151100,MSFT
2022-05-03,274.67388916015625,276.96463129515183,273.0849907910324,276.79890537561334,25978600,MSFT
2022-05-04,282.6671447753906,283.5444421593352,269.7512901427397,275.4634953465318,33599300,MSFT
2022-05-05,270.355712890625,279.1287482699986,267.4216104277263,278.3391774656931,43260400,MSFT
2022-05-06,267.80169677734375,272.2076978652137,264.42893181498096,267.8796661979223,37780300,MSFT
2022-05-09,257.90771484375,265.49151486071605,256.6795101982503,263.24952897380894,47726000,MSFT
2022-05-10,262.7036437988281,266.8464656398115,258.38536840762276,264.83841790378455,39336400,MSFT
2022-05-11,253.97926330566406,264.5166470895744,252.76078664473116,258.97989628180704,48975900,MSFT
2022-05-12,248.91046142578125,253.32622042112627,243.71487425735856,251.1914465609955,51033800,MSFT
2022-05-13,254.53494262695312,256.4065362115502,248.9104640346722,250.86002705080753,34925100,MSFT
2022-05-16,254.90533447265625,259.11639723328454,249.32958371033374,253.40416279680898,32550900,MSFT
2022-05-17,260.0911865234375,261.56308624410974,255.84112404859522,259.39907029430674,28828800,MSFT
2022-05-18,248.24932861328125,257.55086612903364,246.9693931124063,256.96462907264123,31356000,MSFT
2022-05-19,247.33090209960938,251.75696064928601,246.09982214872184,248.0734561306582,32692300,MSFT
2022-05-20,246.76422119140625,252.60700218610816,240.78466843805458,251.3368168478214,39199300,MSFT
2022-05-23,254.6685333251953,255.4990332782694,247.61421847946846,249.62695761286102,33175400,MSFT
2022-05-24,253.6621551513672,255.33290519351917,247.6826035754537,251.971874809613,29043900,MSFT
2022-05-25,256.4956359863281,258.5083603731719,251.22934212125796,252.21617401226834,28547900,MSFT
2022-05-26,259.798095703125,260.98032015992106,255.43067249294842,256.2513925154789,25002100,MSFT
2022-05-27,266.9696044921875,267.06731562839224,261.41995783588675,262.3188585448169,26910800,MSFT
2022-05-31,265.631103515625,268.46454814999765,262.75856845520855,266.27596136768364,37827700,MSFT
2022-06-01,266.1684875488281,271.3175402469702,263.8430992924874,268.8846905955963,25292200,MSFT
2022-06-02,268.2788391113281,268.3472398855621,255.5967272964254,258.3813305679757,44008200,MSFT
2022-06-03,263.8235168457031,267.17482718772595,262.25047775674227,264.1068702171186,28059000,MSFT
2022-06-06,262.58270263671875,267.8880873887345,261.08781439672373,265.8167420959057,22400300,MSFT
2022-06-07,266.24664306640625,266.862190534899,259.83718498016987,260.52113323788575,22860700,MSFT
2022-06-08,264.20458984375,266.7351505141469,263.4229304866885,265.4747453002484,17372300,MSFT
2022-06-09,258.7134704589844,266.4517015044913,258.55713864367937,261.634844850807,26439700,MSFT
2022-06-10,247.1843719482422,254.60017757455358,246.73492150280825,254.60017757455358,31422800,MSFT
2022-06-13,236.70057678222656,243.30545685676884,235.98733310322459,239.4851805295695,46135800,MSFT
2022-06-14,238.87939453125,240.10070925355024,235.96776949907485,238.26384714045005,28651500,MSFT
2022-06-15,245.98255920410156,249.44133097278552,240.76510609798785,242.61173342919113,33111700,MSFT
2022-06-16,239.348388671875,241.74216268049113,237.44314057965514,240.33520565588944,33169200,MSFT
2022-06-17,241.96690368652344,244.75150764110145,238.42998048259105,239.0846034844519,43084800,MSFT
2022-06-21,247.91714477539062,248.90396178868318,243.7842046658451,244.51699356218077,29928300,MSFT
2022-06-22,247.3211212158203,251.26841874585492,244.62444876832834,246.10957164458284,25939900,MSFT
2022-06-23,252.9196319580078,253.41793795165793,247.809669777073,249.7051527842737,25861400,MSFT
2022-06-24,261.5567932128906,261.8303665392892,255.7140123924243,255.80194348120352,33923200,MSFT
2022-06-27,258.8112487792969,262.1429689613932,257.2381799786484,262.05503788318345,24615100,MSFT
2022-06-28,250.59425354003906,260.78489654166776,250.43792167575154,257.9221419564602,27295500,MSFT
2022-06-29,254.2875213623047,255.9582716594945,249.890773174673,251.67877983050323,20069800,MSFT
2022-06-30,250.93621826171875,253.57427023351318,247.0964115747402,251.15117086547428,31730900,MSFT
2022-07-01,253.62307739257812,253.8087196084434,248.76714396372097,250.50630977578044,22837700,MSFT
2022-07-05,256.8180847167969,256.9451062280484,248.89419361754275,250.2816054554039,22941000,MSFT
2022-07-06,260.1009826660156,261.8401338868576,256.378417244903,257.6974432972696,23824400,MSFT
2022-07-07,262.24066162109375,262.88551929978155,258.9382222138368,259.0359333440472,20859900,MSFT
2022-07-08,261.5176696777344,261.94757482439326,257.2479583876133,258.7135359828816,19658800,MSFT
2022-07-11,258.44000244140625,260.4136365057184,256.16345486227567,259.5538260801544,19455200,MSFT
2022-07-12,247.8487548828125,259.8371859282168,246.25615550734784,259.77856519931385,35868500,MSFT
2022-07-13,246.9205322265625,247.73148701005059,242.4163228297024,244.44859236387242,29497400,MSFT
2022-07-14,248.24932861328125,249.28500115876392,240.29612738205486,244.81988208668008,25102800,MSFT
2022-07-15,250.8287353515625,254.39496840213428,248.92348735319365,249.85168356689877,29774100,MSFT
2022-07-18,248.41543579101562,254.85420398035012,247.48723950429894,253.78922102936602,20975000,MSFT
2022-07-19,253.57423400878906,253.7598762226603,247.85847543127215,251.66897121053262,25012600,MSFT
2022-07-20,256.2513732910156,258.7917140181286,252.96849344718146,253.93576521951553,22788300,MSFT
2022-07-21,258.76239013671875,258.81126061612775,251.13161811146432,253.82829056890776,22404700,MSFT
2022-07-22,254.38522338867188,259.24117262013067,253.12484788124044,259.1532415254674,21881300,MSFT
2022-07-25,252.8903045654297,255.49904599402382,250.91667066137012,255.01052009346162,21056000,MSFT
2022-07-26,246.11935424804688,253.91623871980474,243.8428365645717,253.89667859982464,39348000,MSFT
2022-07-27,262.5728759765625,263.8528113750205,252.909849739427,255.16683688127296,45994000,MSFT
2022-07-28,270.06689453125,271.4640714641904,261.72286372035086,263.5597258949392,33459300,MSFT
2022-07-29,274.2975158691406,275.5286106924797,270.28184723835176,271.3272998322268,32152800,MSFT
2022-08-01,271.63018798828125,274.8251367286238,269.5099724039233,271.4445457557554,21539600,MSFT
2022-08-02,268.5133972167969,271.5129535596286,266.12938831170163,269.66631124641907,22754200,MSFT
2022-08-03,275.98785400390625,276.99421627776303,270.26231431061575,270.40889595081245,23518900,MSFT
2022-08-04,277.1407165527344,277.2872683484146,273.7405956239433,275.3331648933384,18098700,MSFT
2022-08-05,276.4177551269531,277.14076398755924,272.28481487787076,272.74403046110217,16774600,MSFT
2022-08-08,273.8872375488281,279.3587349870203,272.91018549976746,277.53162260877656,18739200,MSFT
2022-08-09,275.8216857910156,276.58378493208386,271.2393108859861,273.2227544817394,23405200,MSFT
2022-08-10,282.5243225097656,283.15940026226946,280.35526616412074,281.5570506992945,24687800,MSFT
2022-08-11,280.43341064453125,284.52726027253226,279.9351344778462,284.17553591957807,20065900,MSFT
2022-08-12,285.2112121582031,285.2112121582031,280.35526321914153,281.85993143304614,22619700,MSFT
2022-08-15,286.73541259765625,287.42911107438584,283.4525028196031,284.32209329350565,18085700,MSFT
2022-08-16,285.9928283691406,287.2923239805232,283.75540118161075,285.2893498697751,18102900,MSFT
2022-08-17,285.2388916015625,287.2265154763441,283.4275031724951,283.6918563410664,18253400,MSFT
2022-08-18,284.1129150390625,285.81658418043264,283.04564174048915,284.13248679589566,17186200,MSFT
2022-08-19,280.17681884765625,283.21211455626116,279.5991382584274,282.8694145780961,20570000,MSFT
2022-08-22,271.9522399902344,276.5639149732888,271.4333044178784,276.19184232130647,25061100,MSFT
2022-08-23,270.6694641113281,273.0389311626439,269.65116519279564,270.6694641113281,17527400,MSFT
2022-08-24,270.0330505371094,271.44299375472406,269.36722243728934,269.66097803794145,18137000,MSFT
2022-08-25,273.0291748046875,273.1956094206998,268.7895442970541,271.54088479493174,16583400,MSFT
2022-08-26,262.49383544921875,274.4881266505964,262.3861459525227,273.2544185652506,27549300,MSFT
2022-08-29,259.6935729980469,261.8182594661714,258.3423744762823,260.3006262746539,20338500,MSFT
2022-08-30,257.4806823730469,261.47550201720145,255.2189044329555,261.1034593568575,22767100,MSFT
2022-08-31,256.0119934082031,261.53424671982935,255.87490146998655,259.85017923118824,24791800,MSFT
2022-09-01,254.96429443359375,255.44408628539085,250.07846736309196,253.46623349507178,23263400,MSFT
2022-09-02,250.71493530273438,259.21373957862966,249.15812895739882,256.23721883460826,22855400,MSFT
2022-09-06,247.96360778808594,252.44799078544023,246.6809553860228,250.85204083793536,21328200,MSFT
2022-09-07,252.70252990722656,253.4270733106384,247.93419287668956,249.38329462378468,24126700,MSFT
2022-09-08,253.12356567382812,254.99369934994252,249.47143098936897,252.13466903377497,20319900,MSFT
2022-09-09,258.9396057128906,259.6935517170331,254.85666778097755,255.06227583640336,22084700,MSFT
2022-09-12,261.08392333984375,261.86724201241935,259.62503526546527,260.2320885613663,18747700,MSFT
2022-09-13,246.7299041748047,254.96434041286705,246.3382449089679,253.43690662678696,33353300,MSFT
2022-09-14,246.95510864257812,248.92314610750662,244.64437117407763,248.23776104063654,23913000,MSFT
2022-09-15,240.25787353515625,246.15219960227225,238.92626196066945,244.55623484084325,31530900,MSFT
2022-09-16,239.63125610351562,240.17956416663884,237.00719116393054,239.1612649577464,39791800,MSFT
2022-09-19,239.4158172607422,240.0228704060289,235.82242778090065,237.40860661356453,26826900,MSFT
2022-09-20,237.38905334472656,238.42692432905167,234.6377121662073,237.01699569051672,26660300,MSFT
2022-09-21,233.9620819091797,242.49027328915574,233.9131226363591,239.17103777962444,28625600,MSFT
2022-09-22,235.94970703125,238.76959382847815,232.61089974845348,232.90462550627097,31061200,MSFT
2022-09-23,232.95361328125,236.09661373689661,230.29038985586033,234.5397923286239,34176000,MSFT
2022-09-26,232.493408203125,236.40991123435145,231.95488604827668,232.10176387611173,27694200,MSFT
2022-09-27,231.47511291503906,236.75259989953264,229.60497922142935,234.9705839342444,27018700,MSFT
2022-09-28,236.037841796875,237.27153481149165,229.83017344834093,231.8667567155219,29029700,MSFT
2022-09-29,232.54237365722656,234.94122883953057,229.5168785708888,233.90335789912527,27484200,MSFT
2022-09-30,228.03839111328125,235.51891157089977,227.87194152137735,233.31587853761883,35694800,MSFT
2022-10-03,235.7147216796875,236.5665562407545,229.76163574998006,230.49598001028534,28880400,MSFT
2022-10-04,243.68482971191406,245.13393168782224,239.86623019314112,239.97393462690772,34888400,MSFT
2022-10-05,243.9981231689453,245.34932142534083,239.00459102796964,240.85513801638095,20347100,MSFT
2022-10-06,241.63844299316406,245.11434247606232,240.94327206074857,242.75464577699583,20239900,MSFT
2022-10-07,229.3504180908203,236.28263010395378,228.30274638054547,235.8713841468346,37769600,MSFT
2022-10-10,224.46456909179688,229.66372422317414,221.99716811850382,228.18524977908294,29743600,MSFT
2022-10-11,220.70472717285156,224.27852999445886,219.43186077739125,222.86858659888884,30474000,MSFT
2022-10-12,221.03761291503906,223.1035686101061,219.2849845956559,220.69491296541872,21903900,MSFT
2022-10-13,229.3504180908203,231.17159255986616,214.55582760214386,215.26079932824376,42551800,MSFT
2022-10-14,223.78897094726562,232.2877899192671,223.57356209482342,230.62326425216398,30198600,MSFT
2022-10-17,232.57176208496094,233.97191982018455,230.23165189976706,230.89746524708121,28142300,MSFT
2022-10-18,233.52146911621094,238.83811426060802,230.4568010299414,238.16253010733288,26329600,MSFT
2022-10-19,231.5436553955078,234.60832380326266,229.3993675920163,232.0919634303183,19985700,MSFT
2022-10-20,231.22055053710938,236.27284322549886,229.96727071460137,230.8484928943571,21811000,MSFT
2022-10-21,237.06593322753906,237.9275687099277,229.60499943406603,229.83999500388313,26299700,MSFT
2022-10-24,242.08885192871094,242.6665325599833,236.26305645781395,238.67169753815492,24911200,MSFT
2022-10-25,245.4276580810547,245.7997156975737,240.6984790313292,242.0986216482708,34775500,MSFT
2022-10-26,226.4913787841797,233.32567243013398,225.2576707603945,226.34450095549056,82543200,MSFT
2022-10-27,222.01675415039062,228.8118889501119,221.06700101900176,226.21719686136822,40424600,MSFT
2022-10-28,230.94639587402344,231.66116845947738,221.33138836153447,221.51742465253554,40647700,MSFT
2022-10-31,227.28443908691406,230.01619304269877,226.3248852048597,228.88040371716804,28357300,MSFT
2022-11-01,223.40711975097656,230.81910882214837,222.58465770971134,229.70290606892462,30592300,MSFT
2022-11-02,215.50558471679688,226.47179018805932,215.44682462164948,224.67020238397998,38407000,MSFT
2022-11-03,209.77769470214844,215.80911298730175,209.5133265628878,215.49578557184125,36633900,MSFT
2022-11-04,216.76866149902344,216.96448367208396,208.97481351291196,213.00882199127454,36789100,MSFT
2022-11-07,223.11338806152344,223.642124352485,216.66095271783695,217.35613859957564,33498000,MSFT
2022-11-08,224.09251403808594,226.81448253009583,221.1257640993825,223.9260644471672,28192500,MSFT
2022-11-09,219.823486328125,223.85749401916186,219.64725088884902,222.62378618314506,27852900,MSFT
2022-11-10,237.90797424316406,238.2506742370908,230.0945548202056,230.515571727907,46268000,MSFT
2022-11-11,241.95175170898438,242.81338710367922,236.87987282694763,237.91775861613573,34620200,MSFT
2022-11-14,236.50782775878906,238.81856512501489,234.21667709082797,236.93864547897454,31123300,MSFT
2022-11-15,236.91905212402344,241.8440533099723,235.0195458330885,240.53202842828813,31390100,MSFT
2022-11-16,237.35107421875,239.38358350898213,236.06480717183115,238.39186999771098,24093300,MSFT
2022-11-17,237.30197143554688,238.8435381539188,233.3253489732536,233.4726257376434,23123500,MSFT
2022-11-18,236.85031127929688,239.3246657828085,234.6999806378717,239.09882143559938,27613500,MSFT
2022-11-21,237.66529846191406,240.23783270543555,236.82087665171096,237.05651949394007,26394700,MSFT
2022-11-22,240.59129333496094,240.8662199512073,236.34955769689049,239.17737646147847,19665700,MSFT
2022-11-23,243.0950927734375,243.78240928452703,239.84505578484715,240.66983559815458,19508500,MSFT
2022-11-25,243.00672912597656,244.19480161069367,242.26048692164872,242.82998203144444,9200800,MSFT
2022-11-28,237.38050842285156,242.18192539702906,236.43790722800586,241.6222587467849,24778200,MSFT
2022-11-29,235.9764404296875,238.3918693092864,233.89484887777672,237.02704966267706,17956300,MSFT
2022-11-30,250.51817321777344,250.7047337909563,235.51496952522623,236.21211456463936,47594200,MSFT
2022-12-01,250.07627868652344,251.48036696435298,246.37456825402924,249.2711258412189,26041500,MSFT
2022-12-02,250.40032958984375,251.42148344936865,245.16688047663357,245.2945303274655,21528500,MSFT
2022-12-05,245.66763305664062,249.22206707564106,243.56639967850296,247.4448425749525,23435300,MSFT
2022-12-06,240.67967224121094,247.2975832452608,239.36394979574598,246.27642932789132,22463700,MSFT
2022-12-07,239.94326782226562,241.70085061999154,237.82240729803337,240.39494158070943,20481500,MSFT
2022-12-08,242.91836547851562,244.2341028868354,238.65698778008183,240.40474204316993,22611800,MSFT
2022-12-09,240.97422790527344,243.81187510910007,239.73705813217018,240.26726946853532,20609700,MSFT
2022-12-12,247.93580627441406,247.96526162942584,242.692543329028,242.96746996405648,30665100,MSFT
2022-12-13,252.2659149169922,259.13911012222144,248.48565156116547,256.94949571953015,42196900,MSFT
2022-12-14,252.56048583984375,257.83320401618323,249.70319661190592,252.47211977688755,35410900,MSFT
2022-12-15,244.49920654296875,249.5951926755457,242.8594602024895,249.12389201647076,35560400,MSFT
2022-12-16,240.2574462890625,245.31414811434402,239.0988141825931,244.04752303949846,86102000,MSFT
2022-12-19,236.09426879882812,240.76805145365768,234.3857983171658,240.424385676434,29696400,MSFT
2022-12-20,237.41981506347656,238.50970810030006,234.10103870258786,235.06328188479955,25150800,MSFT
2022-12-21,240.00216674804688,241.17061240909877,235.76043092550097,237.311811174577,23690600,MSFT
2022-12-22,233.8751983642578,237.60636448544406,229.6334478309404,236.88957762417527,28651700,MSFT
2022-12-23,234.40541076660156,234.54287407253264,229.70218803003908,231.83287676315888,21207000,MSFT
2022-12-27,232.66749572753906,234.60179555616128,231.55796079001962,234.37596618226544,16688600,MSFT
2022-12-28,230.28152465820312,235.37751101989465,229.9280454024101,232.5987742278732,17457100,MSFT
2022-12-29,236.6440887451172,237.53760765421987,231.38118476179736,231.38118476179736,19770700,MSFT
2022-12-30,235.4756622314453,235.61312552884607,232.37290211025564,233.89482682014858,21938500,MSFT
2023-01-03,235.24002075195312,241.2982496784464,233.09950356417312,238.67661840759735,25740000,MSFT
2023-01-04,224.9498748779297,228.6515707937887,221.86675636636124,228.07226219993836,50623400,MSFT
2023-01-05,218.28285217285156,223.42793497169325,217.74281242583197,223.0842692283964,39585600,MSFT
2023-01-06,220.8553924560547,221.67035882828523,215.37648717687478,218.9603615409851,43613600,MSFT
2023-01-09,223.00575256347656,227.05112960740402,222.3086224905755,222.34789130469701,27369800,MSFT
2023-01-10,224.7043914794922,227.11982022415233,223.21192206293,223.6341254274707,27033900,MSFT
2023-01-11,231.49905395507812,231.67578608133306,226.92346579858452,227.10019792483945,28669300,MSFT
2023-01-12,234.1894073486328,235.55422702400872,229.32907915113603,230.99828080713587,27269500,MSFT
2023-01-13,234.89637756347656,235.03384088361543,230.66445501236748,232.7067778989866,21333300,MSFT
2023-01-17,235.99607849121094,236.54593172373328,232.79512362957803,233.65918727061418,29831300,MSFT
2023-01-18,231.53831481933594,237.9893068890098,231.25357474268407,237.19398238340665,30028700,MSFT
2023-01-19,227.72860717773438,231.25358612173252,226.50125078588513,229.5451006306224,28623000,MSFT
2023-01-20,235.86843872070312,236.37902316517145,230.26186823597817,230.60553401218095,35389800,MSFT
2023-01-23,238.1856689453125,240.72874754062073,235.30873805800567,236.7324833169044,31934000,MSFT
2023-01-24,237.6554412841797,239.5308452494921,236.0844342572351,238.10711498113173,40234400,MSFT
2023-01-25,236.25137329101562,238.8926465935646,226.71726242697446,230.23241286471827,66526600,MSFT
2023-01-26,243.50750732421875,243.81188931119357,237.61619666314894,239.236301101992,33454500,MSFT
2023-01-27,243.6645965576172,245.30434278619185,242.35868764883875,244.47956294350342,26498900,MSFT
2023-01-30,238.3133087158203,241.1509556923859,237.81253779018328,240.08068968374297,25867400,MSFT
2023-01-31,243.32093811035156,243.45840142159702,238.5489760451487,239.03991858279355,26541100,MSFT
2023-02-01,248.1714630126953,250.5574366524926,241.0233405684273,243.50750871275346,31259900,MSFT
2023-02-02,259.80682373046875,259.89518980059495,252.58996168925287,254.131528608111,39940400,MSFT
2023-02-03,253.67001342773438,259.4140470711342,252.44265709216836,254.83845905637355,29077300,MSFT
2023-02-06,252.11862182617188,253.62090480368727,250.1646801008737,252.77649801588666,22518000,MSFT
2023-02-07,262.713134765625,263.9012071647271,255.36862455396962,255.81048476727034,50841400,MSFT
2023-02-08,261.89825439453125,271.7465619102977,261.3876549048757,268.25105293927203,54686000,MSFT
2023-02-09,258.84454345703125,269.0168886035488,258.039390489122,268.84012651357125,42375100,MSFT
2023-02-10,258.3339538574219,259.30601043512377,255.93815201976537,256.7923871898371,25818500,MSFT
2023-02-13,266.4050598144531,269.62564159022224,262.3105859582913,262.79173001037145,44630900,MSFT
2023-02-14,267.23968505859375,269.9889513959728,264.40202269183845,267.7306276163226,37047900,MSFT
2023-02-15,265.1036376953125,266.49156688669603,262.01278189893924,264.11929330764815,28922400,MSFT
2023-02-16,258.0458984375,262.56403597864954,257.79981231844084,259.8866178016932,29603600,MSFT
2023-02-17,254.0198974609375,256.0181152654841,251.9921505278432,255.32909225276762,30000100,MSFT
2023-02-21,248.7143096923828,251.49016824327242,247.6512158869296,250.49597073877874,28397400,MSFT
2023-02-22,247.57244873046875,250.35814511839848,246.42076761233298,250.1120590242694,22491100,MSFT
2023-02-23,250.78143310546875,252.8190182527777,246.55858711540606,251.559058591663,29219100,MSFT
2023-02-24,245.3182830810547,247.07041470084704,244.21582229194536,246.04670325666007,24990900,MSFT
2023-02-27,246.24359130859375,248.8619509386829,245.48564193779885,248.50758636453622,21190000,MSFT
2023-02-28,245.5151824951172,247.5527826462789,244.83598244472995,245.17067096137697,22491000,MSFT
2023-03-01,242.4145050048828,247.00153859615037,241.9420088680049,246.8342018468034,27565300,MSFT
2023-03-02,247.17872619628906,247.46417946735576,241.76483192375827,242.69011807533903,24808200,MSFT
2023-03-03,251.29327392578125,251.61810937843563,247.4543367942358,248.24181531401277,30760100,MSFT
2023-03-06,252.84854125976562,256.0476605602481,251.97247534442963,252.41542732051573,24109800,MSFT
2023-03-07,250.17112731933594,253.65571496313456,249.4230309703386,252.287461805782,21473200,MSFT
2023-03-08,249.7281494140625,250.55499503290108,246.88339494789705,250.0628228759873,17340200,MSFT
2023-03-09,248.36978149414062,255.49642520187024,247.6413612448282,251.81498682862087,26653400,MSFT
2023-03-10,244.6981964111328,248.83244032000758,243.72370496584182,247.14921963092033,28333900,MSFT
2023-03-13,249.94473266601562,253.87227229864152,241.8829494842542,243.52680285893817,33339700,MSFT
2023-03-14,256.70721435546875,256.9828296179448,251.85438808848426,252.7304541056199,33620300,MSFT
2023-03-15,261.28436279296875,262.30808931293495,255.15188676906854,255.90985113280536,46028000,MSFT
2023-03-16,271.87591552734375,272.23026506647096,259.1581735865581,261.0579509308683,54768800,MSFT
2023-03-17,275.0553283691406,278.89426524045854,271.9940319281041,273.90366232764774,69527400,MSFT
2023-03-20,267.9681091308594,273.13591766100586,265.6253644574901,272.6437454200395,43466600,MSFT
2023-03-21,269.4937744140625,270.69467563118206,265.3004581897297,270.5765591245479,34558700,MSFT
2023-03-22,268.027099609375,276.6401116479534,267.9188061230501,269.11970728887826,34873300,MSFT
2023-03-23,273.3130798339844,276.65984491000785,270.8916009314238,273.5886950746026,36610900,MSFT
2023-03-24,276.1775207519531,276.2365790138879,270.9703303661151,272.8996370155353,28172000,MSFT
2023-03-27,272.0531005859375,277.0535567459473,271.20654881077553,276.1085945660647,26840200,MSFT
2023-03-28,270.9211120605469,271.8168690429862,267.79087413033056,271.4723425051547,21878600,MSFT
2023-03-29,276.11846923828125,276.73861104356007,274.0513399006214,274.59271732819036,25087000,MSFT
2023-03-30,279.60302734375,280.0066121706269,277.0732849525492,279.78023217395076,25053400,MSFT
2023-03-31,283.7864685058594,284.7412837418121,278.56945538558534,279.28803758659916,32766000,MSFT
2023-04-03,282.7332458496094,283.7569423716875,279.5045974988717,282.0343397141944,24883300,MSFT
2023-04-04,282.6839904785156,285.9028155833691,281.1976510040957,282.7332257176792,25824300,MSFT
2023-04-05,279.88848876953125,282.6544941864627,278.490736515466,281.37485845642465,22064800,MSFT
2023-04-06,287.03485107421875,287.50731719041386,277.61466736506213,278.7761866204537,29770300,MSFT
2023-04-10,284.8594665527344,285.0661704846128,280.2527115064888,284.68226171417155,23103000,MSFT
2023-04-11,278.4021301269531,281.5028392047115,277.23078785734424,281.27642916480585,27276600,MSFT
2023-04-12,279.0517883300781,282.51669989305793,277.5457425781535,280.331454092245,27403400,MSFT
2023-04-13,285.3023986816406,285.3614569468839,278.7368378636827,279.1502457203857,24222700,MSFT
2023-04-14,281.6603088378906,283.96367102936733,279.2486531464038,282.5068305661248,20987900,MSFT
2023-04-17,284.2786865234375,287.0348692146032,281.6800326007046,285.3910006419592,23836200,MSFT
2023-04-18,283.8554382324219,287.192380736636,282.51674403921857,287.0053528655543,20161800,MSFT
2023-04-19,283.93414306640625,284.52472565141113,280.08535300849246,281.51263430866226,17150300,MSFT
2023-04-20,281.6307373046875,284.50503591954333,280.6168638626968,280.7842156136177,23244400,MSFT
2023-04-21,281.2862548828125,281.78825008105144,278.6285130858529,280.54799661030216,21676400,MSFT
2023-04-24,277.35870361328125,280.48894155472334,274.35646528671094,277.67370102270286,26611000,MSFT
2023-04-25,271.108154296875,277.1913956236309,271.0589190518227,275.13411938360406,45772200,MSFT
2023-04-26,290.74578857421875,294.8800468988335,288.1471350865969,292.05498339426265,64599200,MSFT
2023-04-27,300.0577087402344,300.42194142413604,290.62770202416357,291.336431237466,46462600,MSFT
2023-04-28,302.44964599609375,304.09348419157374,298.5614739081994,299.25052694953416,36446700,MSFT
2023-05-01,300.7762756347656,303.7686910534892,300.3726908217299,302.1642048581886,21294100,MSFT
2023-05-02,300.6286315917969,304.33959922450805,299.1521149683054,302.9418469765617,26404400,MSFT
2023-05-03,299.6343994140625,303.7784805128606,299.3292550837356,301.81964496531594,22360800,MSFT
2023-05-04,300.6286315917969,302.9418469765617,298.65008970357985,301.44562423928016,22519900,MSFT
2023-05-05,305.7865295410156,307.08587113629045,299.5064085369893,300.93371968874146,28181200,MSFT
2023-05-08,303.8179016113281,305.34365349819655,301.29798227952045,305.27474217870144,21318600,MSFT
2023-05-09,302.1937561035156,305.1861717412248,301.51455600745976,303.1781005859375,21340800,MSFT
2023-05-10,307.4206237792969,308.09982387729104,302.8532809885263,303.7883902256099,30078000,MSFT
2023-05-11,305.2550048828125,306.2492022660023,301.46530325501186,305.24518186660805,31680200,MSFT
2023-05-12,304.1329040527344,305.78659550903757,301.8000125269122,305.68815505667965,19758100,MSFT
2023-05-15,304.615234375,305.04834834939237,302.77451500373724,304.26088478130237,16336500,MSFT
2023-05-16,306.8594970703125,308.79865663517415,304.9793957630767,304.9793957630767,26730300,MSFT
2023-05-17,309.7597961425781,310.18398226866987,306.5438090074736,308.07289612814964,24315000,MSFT
2023-05-18,314.2187805175781,314.73177784456124,309.483610472281,310.2826700411064,27276000,MSFT
2023-05-19,314.04119873046875,314.44566578774686,312.0977999996557,312.46279877914503,27529500,MSFT
2023-05-22,316.84283447265625,318.2337976929915,313.7156584548846,314.29768758586613,24115700,MSFT
2023-05-23,311.0028381347656,318.36209222067146,310.9929635378551,315.7084147228856,30797200,MSFT
2023-05-24,309.6118469238281,312.22605590477934,308.3885711303924,310.47996842062906,23384900,MSFT
2023-05-25,321.51885986328125,322.48560688715077,315.67878902000206,318.87502712507745,43301700,MSFT
2023-05-26,328.3947448730469,328.8978374792633,319.5064041956886,319.6444980132169,36630600,MSFT
2023-05-30,326.7373962402344,331.20622279832344,326.05671145740513,330.70313021071354,29503100,MSFT
2023-05-31,323.9555358886719,331.4035709455312,322.9098221088515,327.8028654551653,45950600,MSFT
2023-06-01,328.0888977050781,329.02608115085206,320.33505191131786,321.5287039010863,26773900,MSFT
2023-06-02,330.87078857421875,332.94243642193857,328.0592686455613,329.73632407120874,25864000,MSFT
2023-06-05,331.4035339355469,333.98814914784583,330.14082001100866,330.6932554714019,21307100,MSFT
2023-06-06,329.174072265625,330.8412533912164,327.68448335101743,330.8017851103892,20396200,MSFT
2023-06-07,319.0131530761719,329.9731116515835,318.1450315839659,327.17146599385774,40717100,MSFT
2023-06-08,320.8677673339844,322.2291369225087,318.98355595766924,319.5655851097024,23277700,MSFT
2023-06-09,322.37713623046875,325.53390634602147,320.0292702055803,320.6014248165846,22514900,MSFT
2023-06-12,327.3687438964844,327.6153679268259,320.7690824361064,324.14288231211435,24260300,MSFT
2023-06-13,329.77581787109375,332.4294950152336,325.928488773513,329.95337995894954,22951300,MSFT
2023-06-14,332.78460693359375,334.4616624272819,328.3157805876422,329.82511848977225,26003800,MSFT
2023-06-15,343.39935302734375,345.1158468804941,332.6465498488754,332.92276759657176,38899100,MSFT
2023-06-16,337.707275390625,346.72386629713804,337.3324320738404,346.575897868739,46533600,MSFT
2023-06-20,333.4850158691406,337.4605942019211,331.32458686367323,334.7280106683064,26375400,MSFT
2023-06-21,329.0556640625,333.1693663878864,327.5857943850583,331.82771592550745,25117800,MSFT
2023-06-22,335.12261962890625,335.52708668833833,328.838643577594,329.6081094184592,23556800,MSFT
2023-06-23,330.4959716796875,333.39627314072527,328.9471954059109,329.8448805246099,23084700,MSFT
2023-06-26,324.1626892089844,331.5712559275852,324.05415896146803,329.2135454326496,21520600,MSFT
2023-06-27,330.0520324707031,331.61068318067953,324.85317836133345,327.3786061607091,24354100,MSFT
2023-06-28,331.31475830078125,333.4160000459161,329.30229760192987,330.14082540190753,20259500,MSFT
2023-06-29,330.5255432128906,331.57122678735186,328.1283646472187,330.19013811405165,16997000,MSFT
2023-06-30,335.94140625,338.1018352198604,332.6465127324508,333.189073570984,26823800,MSFT
2023-07-03,333.4258728027344,336.29658063116784,332.0250649242067,334.60968039782284,12508700,MSFT
2023-07-05,333.5836486816406,337.03638501598806,330.2098488939996,330.5649730377632,18172400,MSFT
2023-07-06,336.6615905761719,338.3583654623212,330.9695176090643,332.7451989549393,28161200,MSFT
2023-07-07,332.666259765625,337.17455476042386,332.4492293908837,334.7379078689779,21185300,MSFT
2023-07-10,327.3490295410156,330.7031407949626,323.1662951750732,330.0816433554904,32791400,MSFT
2023-07-11,327.98040771484375,328.36512559547043,322.58427205153635,326.58944439701025,26698200,MSFT
2023-07-12,332.64654541015625,337.03643563123427,331.1372073615491,332.0546416428547,29995300,MSFT
2023-07-13,338.03277587890625,339.0981784792485,334.4419154262678,334.9746317791757,20567200,MSFT
2023-07-14,340.57794189453125,346.684355842652,339.66050764457793,342.8962140090438,28302200,MSFT
2023-07-17,341.0613098144531,342.3042744372,337.5789797619486,341.0119669458339,20363900,MSFT
2023-07-18,354.635498046875,361.8270635461225,337.5494072854083,341.1599567699789,64872700,MSFT
2023-07-19,350.2850341796875,357.56538046892035,347.6807000395438,356.86497664298207,39732900,MSFT
2023-07-20,342.18597412109375,353.1360893076159,340.70622963927934,348.7955115153894,33778400,MSFT
2023-07-21,339.1278076171875,345.56962697471664,335.2410099540345,344.4351622996389,69368900,MSFT
2023-07-24,340.4497375488281,342.2353236218042,337.68755983819176,341.17976531237275,26678100,MSFT
2023-07-25,346.2404479980469,347.13816315499605,340.4102518285033,342.42268240569985,41637700,MSFT
2023-07-26,333.2088623046875,340.01571122456374,328.61178568719,336.8293171664982,58383700,MSFT
2023-07-27,326.2540283203125,336.7207386752654,324.6065664004519,335.8822409797451,39635300,MSFT
2023-07-28,333.8007507324219,335.418619127257,328.67098799700807,329.16423615072927,28484900,MSFT
2023-07-31,331.3838806152344,333.13984298542726,328.8584221594872,332.37037700535353,25446000,MSFT
2023-08-01,331.7981262207031,333.96842988932275,329.1937919238342,330.6636616188916,18311900,MSFT
2023-08-02,323.0774841308594,329.1247102537569,321.95286408661656,329.1247102537569,27761300,MSFT
2023-08-03,322.2488708496094,325.42539000063243,321.5484669368351,321.597779707483,18253700,MSFT
2023-08-04,323.353759765625,330.61438827280773,322.82104332790357,327.3984006637002,23727700,MSFT
2023-08-07,325.6522216796875,326.6387178056162,323.09720032618895,323.93572805432285,17741500,MSFT
2023-08-08,321.6470947265625,324.31064668065517,318.6382931645677,322.54480993915706,22327600,MSFT
2023-08-09,317.8786926269531,322.69276896492516,316.7146041895466,322.0614270294025,22373300,MSFT
2023-08-10,318.56927490234375,323.82731756805975,316.8429062041014,321.61754516258253,20113700,MSFT
2023-08-11,316.6751708984375,318.05625962756983,314.8994595848591,315.9352987108156,24342600,MSFT
2023-08-14,319.6642761230469,319.68399521148456,315.75772901793835,317.05006689482826,18836100,MSFT
2023-08-15,317.5137023925781,320.7000964574307,316.5666743212441,318.63832268798944,16966300,MSFT
2023-08-16,316.74261474609375,320.716745588524,316.1494577370067,317.1380426957456,20698900,MSFT
2023-08-17,313.26275634765625,318.19578484702873,312.60039125699797,316.88098033707746,21257200,MSFT
2023-08-18,312.8673400878906,314.74564524442695,307.9935939126714,310.90003574711136,24744800,MSFT
2023-08-21,318.2056884765625,319.0855132833144,313.4209415411844,314.3007663479363,24040000,MSFT
2023-08-22,318.779052734375,322.357724957099,317.7904679139887,321.7843590357293,16102000,MSFT
2023-08-23,323.2672424316406,325.44214114565574,319.76764365334907,320.1235498834675,21166400,MSFT
2023-08-24,316.3175048828125,329.1790038104103,316.3076093798751,329.05048294908903,23281400,MSFT
2023-08-25,319.293212890625,321.6460199864956,315.16090441961705,317.8004397989087,21684100,MSFT
2023-08-28,320.0049133300781,322.42692799992096,318.0475045559713,321.9425310997952,14808500,MSFT
2023-08-29,324.6611633300781,325.2246639510212,318.20570528498234,318.20570528498234,19284600,MSFT
2023-08-30,325.03680419921875,326.0451498323158,322.72351939208045,324.9181788505266,15222100,MSFT
2023-08-31,324.0185852050781,327.13262149789296,323.0497611758668,325.4421498250876,26411000,MSFT
2023-09-01,324.9083251953125,328.20029972236824,323.0497807085255,327.52806921372286,14931200,MSFT
2023-09-05,329.74249267578125,331.0276711915423,324.9083280364007,325.24444329366247,18553900,MSFT
2023-09-06,329.08013916015625,330.64208999362666,326.41094792069816,329.5744315993732,17535800,MSFT
2023-09-07,326.14404296875,329.27784015884396,325.27408344304047,327.5082949368657,18381000,MSFT
2023-09-08,330.45428466796875,332.3227247289634,325.69919341024064,326.32200676390556,19530100,MSFT
2023-09-11,334.0823974609375,334.556929093658,331.60103960424,333.3903759343724,16583300,MSFT
2023-09-12,327.9827880859375,332.94550339059816,327.69612019842117,331.9865748697913,17565500,MSFT
2023-09-13,332.22381591796875,333.0048063818992,327.38965178199726,327.52803797035625,16544400,MSFT
2023-09-14,334.8337097167969,336.9690265009899,332.7280191029121,335.27855480966366,20267000,MSFT
2023-09-15,326.4505310058594,333.5485638717136,325.88703033061086,333.074062392952,37666900,MSFT
2023-09-18,325.3037109375,326.62841094537885,322.6345199175024,324.0580844389393,16834200,MSFT
2023-09-19,324.8984069824219,325.6299802911353,320.8056813654168,322.44673584714667,16505900,MSFT
2023-09-20,317.1083679199219,325.827693989748,316.8513563606588,325.7486204721018,21436500,MSFT
2023-09-21,315.88250732421875,321.6360782353787,311.40421928226147,315.6156002828941,35529500,MSFT
2023-09-22,313.3913269042969,317.7806465273566,312.5411281531975,317.6521256558587,21447900,MSFT
2023-09-25,313.91522216796875,314.04374301753984,311.4042083579565,312.9760545512673,17836000,MSFT
2023-09-26,308.5768737792969,312.27417127506453,306.48104866233854,311.5327326754824,26297600,MSFT
2023-09-27,309.21942138671875,310.7121637909888,306.15480273702576,308.7349943614077,19410100,MSFT
2023-09-28,310.05975341796875,311.8787458429494,305.9175806621763,307.43997954346224,19683600,MSFT
2023-09-29,312.1456604003906,315.82319717862225,311.38446094140835,314.12283006246753,24140300,MSFT
2023-10-02,318.1266174316406,318.21561662397966,311.5821900421662,312.66963949567804,20570000,MSFT
2023-10-03,309.8126220703125,317.7213009072656,307.657484158639,317.1676656330005,21033500,MSFT
2023-10-04,315.31903076171875,316.38671934680445,310.4156581127954,310.4453144529802,20720100,MSFT
2023-10-05,315.7144470214844,316.3273949780159,311.30536698470246,315.4475399696837,16965600,MSFT
2023-10-06,323.5242614746094,325.4322228400408,312.6893506739022,312.93649686639475,25645500,MSFT
2023-10-09,326.0550537109375,326.5295551178962,319.49083600200555,321.0429214154338,19891200,MSFT
2023-10-10,324.64141845703125,327.3204751601556,323.92963610326484,327.1820587892371,20557100,MSFT
2023-10-11,328.6253967285156,329.020824643838,325.3828395521265,327.42918731045415,20063200,MSFT
2023-10-12,327.3797607421875,329.82156651499986,324.9676113079431,326.7964993042076,19313100,MSFT
2023-10-13,323.9889221191406,330.01926553838706,322.63453553932317,328.58583561463803,21072400,MSFT
2023-10-16,328.8428649902344,332.3029118179807,326.8261435346823,327.27098859672117,22158000,MSFT
2023-10-17,328.26947021484375,329.653482917614,323.6725568735075,325.827664522765,18338500,MSFT
2023-10-18,326.3417053222656,331.75916074567095,324.55236929454276,328.6945419118804,23153600,MSFT
2023-10-19,327.5379333496094,333.0344625947889,327.1326099487148,328.35844548463956,25052100,MSFT
2023-10-20,322.9410400390625,328.13111072358873,321.73496526369917,327.9333816774439,25012600,MSFT
2023-10-23,325.56072998046875,328.9318075244439,320.6870145103195,321.7546727424832,24374700,MSFT
2023-10-24,326.7569580078125,328.0520017824309,323.86041156041205,327.5181575017648,31153600,MSFT
2023-10-25,336.78125,342.24812359609695,333.7660477847726,341.08157042022475,55053800,MSFT
2023-10-26,324.1470947265625,337.7302406507204,323.20792706940125,336.6526868052071,37828500,MSFT
2023-10-27,326.0451965332031,332.876322086507,324.65128814798715,326.6581143687127,29856500,MSFT
2023-10-30,333.4595642089844,335.5751503381647,328.04210819348634,329.60408920215934,22828100,MSFT
2023-10-31,334.25042724609375,335.1302822914459,330.8694837708354,334.98200058976215,20265300,MSFT
2023-11-01,342.11956787109375,343.45416345864317,335.7728398301243,335.9112561909914,28158800,MSFT
2023-11-02,344.3438720703125,344.84802981392585,340.834377854448,343.27618356893754,24348100,MSFT
2023-11-03,348.77276611328125,350.34464276794165,343.36520510875204,345.63896864627054,23624000,MSFT
2023-11-06,352.46014404296875,353.4586243635472,349.31645156155355,349.4153160772212,23828300,MSFT
2023-11-07,356.41448974609375,358.3224512391216,353.5475997552972,355.29738405424604,25833900,MSFT
2023-11-08,359.0540771484375,359.7164121909106,356.43430281354665,357.5514086690943,26767800,MSFT
2023-11-09,356.5726623535156,360.62586616316025,356.2464124670446,358.1642694379123,24847300,MSFT
2023-11-10,365.4501647949219,365.8752490282028,356.9483292832311,357.36351801413326,28042100,MSFT
2023-11-13,362.4942626953125,364.2638379125878,361.7231677677131,364.01669171567505,19986500,MSFT
2023-11-14,366.0433349609375,367.7041805891428,363.1566838302052,366.77490833178183,27683900,MSFT
2023-11-15,366.19189453125,369.6193319212851,363.65595302337914,367.78673199342217,26860100,MSFT
2023-11-16,372.63079833984375,372.8090975451965,366.6971350089113,367.469795129225,27182300,MSFT
2023-11-17,366.3702087402344,370.84767066024057,363.5470174090878,370.09481157714856,40157000,MSFT
2023-11-20,373.8888244628906,375.305362924845,367.5094133597198,367.7273446792859,52465100,MSFT
2023-11-21,369.5599670410156,372.6803241260398,367.628301581954,372.1355109096135,28423100,MSFT
2023-11-22,374.2949523925781,376.2167020543969,371.4420444315091,374.44353505087355,23345300,MSFT
2023-11-24,373.8788757324219,374.4138035112927,371.61044336899096,373.7798105540461,10176600,MSFT
2023-11-27,375.04779052734375,377.05872006421737,372.6604918874323,373.23502159050327,22179200,MSFT
2023-11-28,379.0993347167969,379.3965000397917,374.6020413692927,374.7902561506727,20453100,MSFT
2023-11-29,375.2855529785156,380.68425789892774,373.88881549531266,380.1493603159181,28963400,MSFT
2023-11-30,375.3449401855469,376.51383062398844,371.937303812454,374.9288785524772,30554400,MSFT
2023-12-01,370.98638916015625,374.6020416682448,367.8164846369156,373.21521977574577,33020400,MSFT
2023-12-04,365.6669006347656,366.0432999492324,359.4855901354516,365.6272685167618,32063300,MSFT
2023-12-05,369.01507568359375,369.5698044164444,362.1800014727598,363.002209215325,23065000,MSFT
2023-12-06,365.3300476074219,370.6594334670261,364.5673032138948,370.025470775232,21182100,MSFT
2023-12-07,367.45989990234375,367.95519561310016,362.8734567838674,364.76549002661096,23118900,MSFT
2023-12-08,370.7090148925781,370.93683155749534,364.7654667428902,365.7263415696411,20144800,MSFT
2023-12-11,367.80657958984375,368.10377515204266,362.6555223800224,365.01313478005966,27708800,MSFT
2023-12-12,370.8575744628906,370.8972065792804,366.9744432787704,367.3607883950642,24838300,MSFT
2023-12-13,370.84765625,374.0869091144722,367.2815215613571,372.48212583174757,30955500,MSFT
2023-12-14,362.48712158203125,370.2434695547166,360.70406906648043,369.79769131060294,43277500,MSFT
2023-12-15,367.2419738769531,368.8962446456856,362.83382989546425,363.3984742691784,78478200,MSFT
2023-12-18,369.1438293457031,369.4905423350022,365.21118080921997,365.9739554317672,21802900,MSFT
2023-12-19,369.74810791015625,369.74810791015625,366.36027245806446,367.9947420109948,20603700,MSFT
2023-12-20,367.1329650878906,372.4920679743351,367.0438154931247,371.47176008252643,26316700,MSFT
2023-12-21,370.0254821777344,370.8872917707244,366.5584126323143,369.0546918220557,17708000,MSFT
2023-12-22,371.0556945800781,371.6500554361655,369.20329359245756,370.16416841117154,17091100,MSFT
2023-12-26,371.13494873046875,373.393495737859,369.98585916804944,371.47174615266005,12673100,MSFT
2023-12-27,370.550537109375,371.5312129344826,369.30238225527376,370.1741075355698,14905400,MSFT
2023-12-28,371.7491149902344,372.9180055102288,370.6396575319042,371.83826458273074,14327000,MSFT
2023-12-29,372.5019836425781,373.61144112939365,369.96607217829995,372.46235152363494,18723000,MSFT
2024-01-02,367.3806457519531,372.3633195298243,363.3192147660882,370.34250450989776,25258600,MSFT
2024-01-03,367.1131591796875,369.7481357898977,365.04282689247566,365.5381225658885,23083500,MSFT
2024-01-04,364.4781799316406,369.5896348719219,363.71543548306664,367.1825051718643,20901500,MSFT
2024-01-05,364.28997802734375,368.559424433647,363.0517388090319,365.4985007136341,20987000,MSFT
2024-01-08,371.1646728515625,371.66988411040546,365.53812127674354,365.8253710003868,23134000,MSFT
2024-01-09,372.2543029785156,372.4524030948654,367.69757707621847,368.50986917545833,20830000,MSFT
2024-01-10,379.16864013671875,380.5554922110054,372.7793440678221,372.8288615431399,25514200,MSFT
2024-01-11,381.0111389160156,387.0042042259602,376.80112586493703,382.3682441685505,27850800,MSFT
2024-01-12,384.8150329589844,385.0230486833725,381.03096664819185,381.8630597761942,21645700,MSFT
2024-01-16,386.59808349609375,390.32271672497956,383.9730224089054,389.9562027545636,27202300,MSFT
2024-01-17,385.8056640625,386.43962688844755,381.1895041483633,384.3296924343439,22234100,MSFT
2024-01-18,390.1641845703125,390.2830506876362,386.44946725171263,388.034419353738,23392100,MSFT
2024-01-19,394.9190673828125,394.9190673828125,389.7976967944334,392.0364429224476,29272000,MSFT
2024-01-22,392.7794189453125,396.8507352261163,389.8868786582818,396.2563743199646,27016900,MSFT
2024-01-23,395.1468505859375,395.6223452773298,390.22361077691727,392.0264941391943,20525900,MSFT
2024-01-24,398.7724609375,401.81358370975624,396.68232764982235,397.7620686193911,24867000,MSFT
2024-01-25,401.0606994628906,403.18057938018296,398.7427194215606,400.5158863337274,21021200,MSFT
2024-01-26,400.1295471191406,402.34849224643625,398.6436601299057,400.5654097210854,17803300,MSFT
2024-01-29,405.8651123046875,406.12267574413715,400.52581011271667,402.23954412902646,24510200,MSFT
2024-01-30,404.7457275390625,409.16375662074074,402.6258777098208,408.3812111979871,33477600,MSFT
2024-01-31,393.8393249511719,411.41243736511643,393.47281096125835,403.1310773427729,47871100,MSFT
2024-02-01,399.9809875488281,404.161284395668,398.01960572688716,398.0493222591689,30657700,MSFT
2024-02-02,407.3509826660156,408.7675210638453,399.7630491761005,400.0106970175581,28245000,MSFT
2024-02-05,401.8333740234375,407.29154202131053,400.18898875911304,406.0433872498531,25352300,MSFT
2024-02-06,401.67486572265625,404.13154308563696,399.11915341177513,402.0612108490808,18382600,MSFT
2024-02-07,410.1543884277344,410.4020362966632,403.5669611603183,403.6065932838736,22340500,MSFT
2024-02-08,410.2137756347656,411.65014520614363,408.6486545795197,410.1543425713037,21225300,MSFT
2024-02-09,416.5931701660156,416.8606491715924,411.18454998916735,411.34304822902254,22032800,MSFT
2024-02-12,411.35296630859375,416.78138746189904,410.847755055397,416.6030882773996,21202900,MSFT
2024-02-13,402.4970703125,406.21178774325523,399.59464501524405,401.1300494611104,27824900,MSFT
2024-02-14,406.3873596191406,406.73471379055,401.50465451788693,404.97813565927675,20401200,MSFT
2024-02-15,403.4795837402344,406.03011869599004,401.22679392364836,405.0476293953427,21825500,MSFT
2024-02-16,400.9985656738281,405.19652723535626,400.38326805907,404.869010578239,22281100,MSFT
2024-02-20,399.7381286621094,401.4252298435828,394.9943472213883,400.18470090734456,24307900,MSFT
2024-02-21,399.13275146484375,399.24193376469594,394.21034092041026,397.1380014467668,18631100,MSFT
2024-02-22,408.531005859375,409.70205797134184,405.4743557171247,407.08207646174907,27009900,MSFT
2024-02-23,407.2309265136719,412.7090915973696,405.87131159465224,412.5205590554713,16295900,MSFT
2024-02-26,404.4521484375,409.0371386513167,404.2734892487182,408.34243031561954,16193500,MSFT
2024-02-27,404.39263916015625,405.22627106063214,400.7901378959309,404.898754425873,14835800,MSFT
2024-02-28,404.63079833984375,406.1988137086949,402.24898865810695,405.0873045429746,13183100,MSFT
2024-02-29,410.5059509277344,411.06170550216336,402.84444253870316,405.5438348800808,31947300,MSFT
2024-03-01,412.3518371582031,412.71902889421233,407.76684684717014,408.153876143975,17800300,MSFT
2024-03-04,411.7762451171875,414.18782621068357,409.19593875466035,410.307447886493,17596000,MSFT
2024-03-05,399.5992126464844,411.1113283199567,397.60446252322527,410.8235170993726,26919200,MSFT
2024-03-06,399.04345703125,402.0902036474927,395.37150921419715,399.91679432847235,22344100,MSFT
2024-03-07,406.0400390625,406.67517415608603,399.19229481283145,403.04290164123864,18718500,MSFT
2024-03-08,403.14215087890625,407.3103404061873,401.2664565057241,404.8689575439801,17971700,MSFT
2024-03-11,401.45501708984375,402.6062316222378,398.21973809181884,400.70079606171487,16120800,MSFT
2024-03-12,412.13348388671875,412.4212950799544,403.70782104780903,404.5315189350478,22457000,MSFT
2024-03-13,411.95489501953125,415.0115452878592,408.3325562328795,414.9321647542621,17115900,MSFT
2024-03-14,421.9981994628906,424.5785058716351,414.8229687362819,417.05592096351893,34157300,MSFT
2024-03-15,413.264892578125,419.39806083838096,409.6623914264508,416.1131423873529,45049800,MSFT
2024-03-18,414.1580505371094,417.54221722990445,410.6448639845401,411.111304092611,20106000,MSFT
2024-03-19,418.2170715332031,418.4751112612702,412.40145573236146,414.6641794557911,19837900,MSFT
2024-03-20,422.0081481933594,422.73259778034867,417.4727666861834,418.8026102027015,17860100,MSFT
2024-03-21,426.1167297363281,427.55575544088225,423.9234830206928,426.5732359122919,21296200,MSFT
2024-03-22,425.49151611328125,426.6030252593982,422.8417631107263,426.44426419825527,17636500,MSFT
2024-03-25,419.65606689453125,424.1716107025241,418.41553787360243,422.0180389961963,18060500,MSFT
2024-03-26,418.45526123046875,422.7623745415083,418.1575463672177,422.38524885715407,16725600,MSFT
2024-03-27,418.2369384765625,421.23407618588817,415.83529108292765,421.22414226138676,16705000,MSFT
2024-03-28,417.53228759765625,418.6735682140503,415.94440442920035,417.7704594727013,21871200,MSFT
2024-04-01,421.35308837890625,424.6479403829761,419.0208880059547,420.7377908946275,16316000,MSFT
2024-04-02,418.246826171875,419.1797063812392,414.6740966771135,416.92688638600043,17912000,MSFT
2024-04-03,417.26434326171875,420.0530500088036,415.91463197146663,416.54979735190346,16502300,MSFT
2024-04-04,414.71380615234375,425.4220608182633,414.4061573873391,421.76992047315406,19370900,MSFT
2024-04-05,422.2958984375,423.2784179752705,415.1504697507563,416.8276673390752,16544300,MSFT
2024-04-08,421.3729553222656,424.0425761054586,420.09272093696904,421.9485777283347,14272400,MSFT
2024-04-09,423.0501708984375,424.4991003259259,418.4254750382327,423.20896224870864,12512300,MSFT
2024-04-10,420.0530700683594,420.81722505973426,416.5200457584293,418.99116993330387,16216600,MSFT
2024-04-11,424.6876525878906,426.1167444183971,419.15984809671994,422.5936541739285,17966400,MSFT
2024-04-12,418.7033386230469,421.9584854811625,416.58947237839413,420.83704242845164,19232100,MSFT
2024-04-15,410.5059509277344,423.5860815606245,410.2975202475589,423.36774724307367,20273500,MSFT
2024-04-16,411.43878173828125,415.2298454910269,410.5952462785095,411.42887810136665,16765600,MSFT
2024-04-17,408.71954345703125,415.7062108618487,407.22097481991534,414.08855629342435,15855500,MSFT
2024-04-18,401.2069091796875,408.76919927263555,400.88935677884103,407.5187363707615,21029900,MSFT
2024-04-19,396.095947265625,402.4077746386735,394.7561698730406,400.9687488676842,30276500,MSFT
2024-04-22,397.9219665527344,399.79766079093116,392.7514505668274,397.04862935947983,20286900,MSFT
2024-04-23,404.48193359375,405.10716505974153,400.0060952402287,401.1771473553241,15734500,MSFT
2024-04-24,405.96063232421875,409.3447990752087,403.6979086365787,406.45684392489727,15065300,MSFT
2024-04-25,396.0165710449219,396.8601368410158,385.08998167747234,391.04452101034235,40586500,MSFT
2024-04-26,403.24139404296875,409.87077362119237,402.6856394846956,409.0470757072221,29694700,MSFT
2024-04-29,399.20220947265625,403.2413789354232,396.165397076456,402.17947890315463,19582100,MSFT
2024-04-30,386.3800964355469,399.11290256766176,386.221335381575,398.4479657229549,28781400,MSFT
2024-05-01,391.9476013183594,398.67622906449674,387.3526772876393,389.63523841829954,23562500,MSFT
2024-05-02,394.82562255859375,396.8997833087663,391.6597902856064,394.6469936602289,17709400,MSFT
2024-05-03,403.57879638671875,404.0650740320478,398.8151471589616,399.23197820235123,17446700,MSFT
2024-05-06,410.4067077636719,410.7937370714025,403.29101993493754,405.66292597330005,16996600,MSFT
2024-05-07,406.2384948730469,411.52812730475875,405.9903890817075,411.5181933814727,20018200,MSFT
2024-05-08,407.429443359375,409.1066410493604,403.6284454091321,405.07740513834375,11792300,MSFT
2024-05-09,409.1959533691406,409.59291660377954,406.00034935781423,407.45921271703617,14689700,MSFT
2024-05-10,411.5975646972656,412.23273004632824,408.6798382335046,409.8112151541409,13402300,MSFT
2024-05-13,410.5853271484375,415.18025140614657,407.7073059282806,414.84283115281045,15440200,MSFT
2024-05-14,413.40380859375,414.3267549073316,408.43175863614476,408.8981987547859,15109300,MSFT
2024-05-15,420.6317443847656,421.35753100749633,414.85536761085484,415.48172683662517,22239500,MSFT
2024-05-16,418.5538330078125,422.9582208339026,417.91755229509,419.35914332573157,17530100,MSFT
2024-05-17,417.7783203125,420.4726599302369,415.6109428181483,420.09485405964773,15352200,MSFT
2024-05-20,422.878662109375,424.30037978174784,417.55961512858175,417.778343258253,16272100,MSFT
2024-05-21,426.5572509765625,430.46450167288947,422.39149513236316,424.36001790160714,21453300,MSFT
2024-05-22,428.0287170410156,429.90779482091807,424.6583495892153,427.6012125858257,18073700,MSFT
2024-05-23,424.529052734375,431.09086617504613,422.95820916796526,430.4645069803894,17211700,MSFT
2024-05-24,427.6707763671875,428.565562226306,421.95405016489985,424.71796179341015,11845800,MSFT
2024-05-28,427.8298645019531,428.3269711402922,424.13138989907134,427.14385491376675,15718000,MSFT
2024-05-29,426.6865234375,428.44627000677747,423.22665032702537,423.22665032702537,15517100,MSFT
2024-05-30,412.2704162597656,421.84466424386284,411.84288150879064,421.84466424386284,28424800,MSFT
2024-05-31,412.7277526855469,414.3383733012913,402.1692127903504,414.3383733012913,47995300,MSFT
2024-06-03,411.1270446777344,414.02020882309534,406.553688084388,413.1254229827006,17484700,MSFT
2024-06-04,413.6623229980469,414.03017705380546,407.30928563189894,410.04337212748766,14348900,MSFT
2024-06-05,421.5563659667969,421.6259378345122,413.89096003424896,415.39223173706347,16988000,MSFT
2024-06-06,422.0633850097656,422.848821948627,418.14618249774657,421.5563568996983,14861300,MSFT
2024-06-07,421.3973083496094,423.81323935854607,420.55222098628695,423.73371564550735,13621700,MSFT
2024-06-10,425.3940124511719,425.6027887352665,421.4370631899479,422.24237348386436,14003000,MSFT
2024-06-11,430.1761779785156,430.3153823959729,422.78918087724,423.01786084549974,14551100,MSFT
2024-06-12,438.5076904296875,440.8341457768561,430.7428874309175,432.8009161252906,22366200,MSFT
2024-06-13,439.0246887207031,440.8242426789463,436.8274858579273,438.2989324414096,15960600,MSFT
2024-06-14,440.00897216796875,440.5756810111054,434.19281849694386,435.74378876375306,13582000,MSFT
2024-06-17,445.775390625,448.3305259626429,438.16966532085047,440.0288392462003,20790000,MSFT
2024-06-18,443.75714111328125,447.53516969127554,442.3155500964385,447.10763493198164,17112500,MSFT
2024-06-20,443.1208801269531,443.94606381625726,438.7164921470121,443.71738383441055,19877400,MSFT
2024-06-21,447.17724609375,447.97260457820744,443.9261796037789,444.79114029939626,34486200,MSFT
2024-06-24,445.0794677734375,450.13005783321864,443.82674934456685,447.197116551364,15913700,MSFT
2024-06-25,448.3404541015625,448.80773551860256,444.1647465305247,445.65606632861267,16747500,MSFT
2024-06-26,449.54345703125,450.9751265075422,445.59642930053803,446.4017395883299,16507000,MSFT
2024-06-27,450.2294616699219,453.53025683427376,449.15569440393773,449.56332546408174,14806300,MSFT
2024-06-28,444.3636169433594,452.7448272217048,443.8267333016812,450.44819707911165,28362300,MSFT
2024-07-01,454.0870056152344,454.7232862857242,443.08105821287796,446.06369781193524,17662800,MSFT
2024-07-02,456.62225341796875,456.9304570935814,450.48794440717063,450.57745029839504,13979800,MSFT
2024-07-03,458.1036376953125,458.3521910129211,455.23037712106725,455.5385808076234,9932800,MSFT
2024-07-05,464.8543395996094,465.6397765538939,456.3140515175161,456.95033221316646,16000300,MSFT
2024-07-08,463.5419921875,464.99356542878803,461.77229375422786,463.8501958785038,12962300,MSFT
2024-07-09,456.8807678222656,464.6256672353131,455.3496709136752,464.29759021110544,17207200,MSFT
2024-07-10,463.55194091796875,463.7607172108967,456.20469022907776,458.55104934272356,18196100,MSFT
2024-07-11,452.06878662109375,462.0904430463112,448.93699054354346,460.3008712942663,23111200,MSFT
2024-07-12,450.9254150390625,453.71915189160546,448.0422026334216,451.70090017355875,16324300,MSFT
2024-07-15,451.3330383300781,454.6139602586164,448.8176800220224,450.67685394437046,14429400,MSFT
2024-07-16,446.91876220703125,451.671100679191,444.0753266658107,451.5915769633523,17175700,MSFT
2024-07-17,440.9534606933594,442.2757813397234,436.63857872187197,440.0288496296795,21778000,MSFT
2024-07-18,437.8216857910156,442.07691730431753,431.886231451246,441.7687136228689,20794800,MSFT
2024-07-19,434.5805358886719,438.58724438350157,429.5001207828966,430.59376141790096,20940400,MSFT
2024-07-22,440.3768310546875,442.0272287343498,436.37015276462773,439.23349185507885,15808800,MSFT
2024-07-23,442.2757873535156,445.7953108894537,440.53591409904936,441.33127259326983,13107100,MSFT
2024-07-24,426.4180603027344,438.9252800797557,425.11564336198785,437.90124163761953,26805800,MSFT
2024-07-25,415.97882080078125,427.3128458662045,415.0939867790631,426.31863260886945,29943800,MSFT
2024-07-26,422.8090515136719,426.4379540941027,414.8553456338981,415.7799870015666,23583800,MSFT
2024-07-29,424.2606506347656,429.6492697069918,422.2423988579534,429.0825608465564,15125800,MSFT
2024-07-30,420.4726867675781,426.5671885866718,414.9448331085773,425.2448982961915,32687600,MSFT
2024-07-31,415.9291076660156,419.3392517370681,409.82462391670987,418.0666600260145,42891400,MSFT
2024-08-01,414.6962585449219,424.98637136355273,410.6995323530128,418.3549862264431,30296400,MSFT
2024-08-02,406.12615966796875,412.59849761680636,402.0001807599968,410.1030126570464,29437900,MSFT
2024-08-05,392.8633728027344,398.7193036046689,383.34874440032485,386.91799678720787,40709200,MSFT
2024-08-06,397.29754638671875,403.3225066578681,396.1939842314513,397.6853041219084,24946500,MSFT
2024-08-07,396.1243896484375,407.70696828580475,395.1699533956427,406.27532907710327,20650900,MSFT
2024-08-08,400.3597106933594,403.51134950514665,397.6256244291568,400.1111573966137,20203000,MSFT
2024-08-09,403.6704406738281,405.68869229684987,399.93221959838144,401.6919660750819,19276700,MSFT
2024-08-12,404.4559020996094,406.39463013243375,401.9007666876047,404.7044554196647,16762900,MSFT
2024-08-13,411.6142272949219,412.5487901543895,407.19991814538804,407.21979148714996,19414300,MSFT
2024-08-14,414.4477233886719,415.30276256625774,410.0632696291805,412.3996465083127,18267000,MSFT
2024-08-15,419.34808349609375,419.42775054091777,415.991550712489,418.1229861127925,20752100,MSFT
2024-08-16,416.7983093261719,419.6568394696199,415.6329698343419,418.919805326896,22775600,MSFT
2024-08-19,419.8460693359375,420.0651916950313,414.79631569386714,417.28632868553893,15234000,MSFT
2024-08-20,423.10302734375,424.15879050030776,419.9556774327427,420.015435317403,16387600,MSFT
2024-08-21,422.4456787109375,424.69662989295495,420.03533264675815,422.38589043229285,16067300,MSFT
2024-08-22,413.88995361328125,425.0850728631847,412.95370628251766,422.66475709775676,19361900,MSFT
2024-08-23,415.1250305175781,417.58516466451346,410.44379375355777,415.3142739439322,18493800,MSFT
2024-08-26,411.8382263183594,415.6130949578331,409.6968209788455,414.70672647734364,13152800,MSFT
2024-08-27,412.18682861328125,412.7047404254691,408.61117324322794,411.2107324794244,13492900,MSFT
2024-08-28,408.9597473144531,413.3421641808517,405.6828816466664,413.22264841837114,14882700,MSFT
2024-08-29,411.4696960449219,420.3640158924635,408.95977368399144,413.2824329478728,17045200,MSFT
2024-08-30,415.4736328125,415.822210323597,410.48363692465733,413.93977626013776,24308300,MSFT
2024-09-03,407.80438232421875,418.20267931936957,405.4040060811421,416.2405478075573,20313600,MSFT
2024-09-04,407.26654052734375,409.5971891641853,402.7546379619835,404.2884945573242,15135800,MSFT
2024-09-05,406.75860595703125,411.4497822581618,404.50762432491115,405.9916624475026,14195500,MSFT
2024-09-06,400.0953369140625,409.00956601687597,399.1989078370585,407.42592125419515,19609500,MSFT
2024-09-09,404.0992431640625,407.01753119323797,400.5434971977151,405.6131601713445,15295100,MSFT
2024-09-10,412.5453796386719,414.66684525245614,406.0713456246143,406.56934824108026,19594300,MSFT
2024-09-11,421.3500671386719,422.29625388353406,407.9438146629927,413.84017908445105,19266900,MSFT
2024-09-12,425.29425048828125,425.6627675750461,418.07321227741465,421.6189886086143,17418800,MSFT
2024-09-13,428.869873046875,430.1049097614262,423.7603615358477,424.12887859450143,15874600,MSFT
2024-09-16,429.61688232421875,431.79813615912246,426.50935094179886,428.879848197679,13834700,MSFT
2024-09-17,433.41168212890625,440.08492951868885,430.5431821213062,438.47140586333086,18874200,MSFT
2024-09-18,429.0890197753906,434.28816840172493,428.6906237541022,433.2622842089649,18898000,MSFT
2024-09-19,436.9375305175781,439.73630274210893,435.15467267064554,439.4673922763036,21706600,MSFT
2024-09-20,433.53118896484375,437.4853309751932,432.4853956233,435.47341133704515,55167100,MSFT
2024-09-23,431.77825927734375,434.7164566201473,428.6707276626035,432.5451724016005,15128900,MSFT
2024-09-24,427.45556640625,431.6188608604207,424.3978231376462,431.2702529601879,17015800,MSFT
2024-09-25,430.3838195800781,431.38979462226376,426.8579828341436,428.11292879639643,13396400,MSFT
2024-09-26,429.5870056152344,433.5610566850483,427.41572154773536,433.3519041012862,14492000,MSFT
2024-09-27,426.3101501464844,430.1248672217253,425.762359424982,429.7961684722898,14896100,MSFT
2024-09-30,428.5810241699219,428.70057032593814,423.67072584299484,426.49937695538483,16807300,MSFT
2024-10-01,419.0094299316406,426.7683189487975,417.13693529272734,426.73844000863045,19092900,MSFT
2024-10-02,415.46368408203125,421.1309565128566,415.0453484935869,420.89189457845896,16582300,MSFT
2024-10-03,414.87603759765625,417.8739927473743,412.63502577299244,415.9616796785687,13686400,MSFT
2024-10-04,414.39794921875,418.07321108796054,413.3123071245128,416.5692334072243,19169700,MSFT
2024-10-07,407.9040222167969,415.4437592952022,407.3661708398638,414.3382079936023,20919800,MSFT
2024-10-08,413.0533447265625,413.99956190900485,406.5394920239681,409.25856700863125,19229300,MSFT
2024-10-09,415.7923278808594,418.70067647812056,412.6449477589923,414.19871346026423,14974300,MSFT
2024-10-10,414.1788024902344,415.68278008253634,411.4995460461954,413.5712539026246,13848400,MSFT
2024-10-11,414.65692138671875,415.46368322393135,411.59917791222887,414.4776477330423,14144900,MSFT
2024-10-14,417.46563720703125,422.34605664401147,415.8520832387316,416.1010845405741,16653100,MSFT
2024-10-15,417.0672302246094,420.7923105426525,413.60115139482065,420.4934907291295,18900200,MSFT
2024-10-16,414.45770263671875,414.6967341717602,408.84024879356656,413.51151588006746,15508900,MSFT
2024-10-17,415.0553283691406,420.81223776702603,413.92983752079977,420.6727824355961,14820000,MSFT
2024-10-18,416.4895324707031,417.97357047210465,414.59712869532103,415.4736181228242,17145300,MSFT
2024-10-21,417.1070861816406,417.2863598354636,412.09718088424023,414.457708513249,14206100,MSFT
2024-10-22,425.8022155761719,428.85992860317606,416.3700446113444,416.8182287379404,25482200,MSFT
2024-10-23,422.9038391113281,429.3579337373482,420.8421009299413,429.13881136450993,19654400,MSFT
2024-10-24,423.0332946777344,424.2783011634291,420.71258556682636,423.6308734743349,13581600,MSFT
2024-10-25,426.43963623046875,430.79217425375066,424.8659613297776,425.0552047565001,16899100,MSFT
2024-10-28,424.8858947753906,430.21452917811945,424.59704472930554,429.93564891158985,14882400,MSFT
2024-10-29,430.2244873046875,431.43961494644003,424.09903059516625,426.29025434116863,17644100,MSFT
2024-10-30,430.8021545410156,436.7483071680008,430.3738795735308,435.69254402246366,29749100,MSFT
2024-10-31,404.72674560546875,414.4975548257246,404.67692710480617,413.70073237613923,53971000,MSFT
2024-11-01,408.73065185546875,413.8401634297127,405.87212177522963,407.3760993641267,24230400,MSFT
2024-11-04,406.8282775878906,408.78046967487955,403.9498383507318,408.1629209153218,19672300,MSFT
2024-11-05,409.8163146972656,413.24257521436044,406.4498120639611,406.73866209939297,17626000,MSFT
2024-11-06,418.50146484375,418.77040570560524,408.8800507986786,410.77248502778195,26681800,MSFT
2024-11-07,423.73052978515625,425.1448706929316,418.2027124984046,419.5971138468432,19901800,MSFT
2024-11-08,420.85205078125,424.7962229099081,420.095077093531,423.6209440547306,16891400,MSFT
2024-11-11,416.34014892578125,423.11297221775334,414.3381687204943,420.83211176857736,24503300,MSFT
2024-11-12,421.340087890625,422.744458901271,415.533390819855,416.57918414479684,19401200,MSFT
2024-11-13,423.50146484375,427.61494119189337,416.5393671420712,419.9556884147255,21502200,MSFT
2024-11-14,425.1846923828125,426.4595778768523,418.3222016749388,423.30222788535474,30246900,MSFT
2024-11-15,413.3421936035156,421.1110226744225,411.98764100476023,418.14294637599176,28247600,MSFT
2024-11-18,414.0991516113281,416.72858966014985,410.45376875637714,413.21269235073834,24742000,MSFT
2024-11-19,416.1210632324219,416.270457948444,409.90596948487496,411.45973532284427,18133500,MSFT
2024-11-20,413.8302001953125,415.62302783332285,408.93981090505724,415.2046922657536,19191700,MSFT
2024-11-21,412.0437927246094,418.9399686403921,409.4689690149979,418.6605301722443,20780200,MSFT
2024-11-22,416.16552734375,416.56472079906104,410.2374116400306,410.5467888521348,24814600,MSFT
2024-11-25,417.95196533203125,420.23736087052777,414.0198472532827,417.54278213072394,27691100,MSFT
2024-11-26,427.133544921875,428.18146205416855,418.01185069672323,418.75036014607525,23458900,MSFT
2024-11-27,422.1435546875,426.37509083138485,421.17549451394376,424.2593075311874,18332400,MSFT
2024-11-29,422.61260986328125,424.0297817162198,416.9639323784013,419.24935840992123,16271900,MSFT
2024-12-02,430.1175842285156,432.13353107658475,420.4669212999132,420.72641076442574,20207200,MSFT
2024-12-03,430.3371276855469,431.60457529422956,426.88402964452257,428.9798333762607,18302000,MSFT
2024-12-04,436.544677734375,438.79017518476684,431.7642546343851,432.1634480898198,26009400,MSFT
2024-12-05,441.7342529296875,443.770179142923,435.2971785217715,437.0436765362191,21697800,MSFT
2024-12-06,442.682373046875,445.2073090094776,440.88595677867977,441.4148949698492,18821000,MSFT
2024-12-09,445.12744140625,447.4328163406456,439.6184986530788,441.7143023543043,19144400,MSFT
2024-12-10,442.4428405761719,448.7202622082635,440.71632196493806,443.500747434082,18469500,MSFT
2024-12-11,448.0915222167969,449.4488165759074,443.1614051498909,443.1614051498909,19200200,MSFT
2024-12-12,448.6603698730469,455.24716851093444,448.2112581986308,448.2112581986308,20834800,MSFT
2024-12-13,446.37493896484375,450.5266178755225,444.6883184556146,447.5426110314286,20177800,MSFT
2024-12-16,450.6863098144531,451.27512549789225,444.38893932865295,446.37494735046533,23598800,MSFT
2024-12-17,453.5505676269531,454.3789237624039,448.67036888572403,450.10748972576295,22733500,MSFT
2024-12-18,436.5147399902344,451.7441820228141,436.1454548251872,450.4168569277278,24444500,MSFT
2024-12-19,436.15545654296875,442.29314366547726,435.4468858542376,440.73626782337294,22963700,MSFT
2024-12-20,435.726318359375,442.85201454579715,427.7722660445124,432.2432815476765,64263700,MSFT
2024-12-23,434.3790283203125,436.7742196281346,431.96385754199804,435.86603695951885,19152500,MSFT
2024-12-24,438.4508361816406,438.7203153724094,433.32113775673025,433.7802087154167,7164500,MSFT
2024-12-26,437.2332763671875,440.0576302640168,435.7562575113133,438.20133650274425,8194200,MSFT
2024-12-27,429.66845703125,434.3490742197977,425.49682901810996,433.73031978660106,18117700,MSFT
2024-12-30,423.9798583984375,426.6944166190143,421.05572893712207,425.2074080072107,13158700,MSFT
